-- =============================================
-- Агентум Про — Начальные данные (seed)
-- =============================================

-- Пользователи
insert into public.profiles (id, role, full_name, email, phone, status, created_at) values
  ('00000000-0000-0000-0000-000000000001', 'agent', 'Алексей Петров', 'petrov@example.com', '+7 (900) 123-45-67', 'active', '2025-09-15T10:00:00Z'),
  ('00000000-0000-0000-0000-000000000002', 'agent', 'Мария Сидорова', 'sidorova@example.com', '+7 (900) 234-56-78', 'active', '2025-10-01T12:00:00Z'),
  ('00000000-0000-0000-0000-000000000003', 'agent', 'Дмитрий Козлов', 'kozlov@example.com', '+7 (900) 345-67-89', 'inactive', '2025-08-20T09:00:00Z'),
  ('00000000-0000-0000-0000-000000000004', 'manager', 'Елена Волкова', 'volkova@example.com', '+7 (900) 456-78-90', 'active', '2025-06-01T08:00:00Z'),
  ('00000000-0000-0000-0000-000000000005', 'manager', 'Сергей Морозов', 'morozov@example.com', '+7 (900) 567-89-01', 'active', '2025-07-15T11:00:00Z'),
  ('00000000-0000-0000-0000-000000000006', 'admin', 'Анна Новикова', 'novikova@example.com', '+7 (900) 678-90-12', 'active', '2025-01-10T07:00:00Z');

-- Агенты
insert into public.agents (id, user_id, city, specialization, active_leads, total_leads, total_revenue, onboarding_status, rating) values
  ('00000000-0000-0000-0000-000000000101', '00000000-0000-0000-0000-000000000001', 'Москва', 'Банкротство физических лиц', 12, 48, 1240000, 'completed', 4.8),
  ('00000000-0000-0000-0000-000000000102', '00000000-0000-0000-0000-000000000002', 'Санкт-Петербург', 'Защита прав потребителей', 8, 31, 870000, 'completed', 4.5),
  ('00000000-0000-0000-0000-000000000103', '00000000-0000-0000-0000-000000000003', 'Казань', 'Банкротство физических лиц', 0, 15, 340000, 'in_progress', 3.9);

-- Лиды
insert into public.leads (id, full_name, phone, email, city, source, status, assigned_agent_id, assigned_manager_id, comment, estimated_value, created_at, updated_at) values
  ('00000000-0000-0000-0000-000000000201', 'Иванов Иван Иванович', '+7 (911) 111-11-11', 'ivanov@mail.ru', 'Москва', 'website', 'new', '00000000-0000-0000-0000-000000000101', '00000000-0000-0000-0000-000000000004', 'Долг по кредитам ~2.5 млн, интересуется банкротством', 150000, '2026-03-15T14:30:00Z', '2026-03-15T14:30:00Z'),
  ('00000000-0000-0000-0000-000000000202', 'Смирнова Ольга Петровна', '+7 (911) 222-22-22', null, 'Санкт-Петербург', 'telegram', 'contacted', '00000000-0000-0000-0000-000000000102', '00000000-0000-0000-0000-000000000004', 'Задолженность по ипотеке', 200000, '2026-03-14T10:00:00Z', '2026-03-15T09:00:00Z'),
  ('00000000-0000-0000-0000-000000000203', 'Кузнецов Андрей Сергеевич', '+7 (911) 333-33-33', null, 'Москва', 'referral', 'qualified', '00000000-0000-0000-0000-000000000101', '00000000-0000-0000-0000-000000000005', null, 120000, '2026-03-10T16:00:00Z', '2026-03-14T11:00:00Z'),
  ('00000000-0000-0000-0000-000000000204', 'Попова Наталья Дмитриевна', '+7 (911) 444-44-44', null, 'Казань', 'whatsapp', 'proposal', '00000000-0000-0000-0000-000000000101', '00000000-0000-0000-0000-000000000004', 'Готова подписать договор на следующей неделе', 180000, '2026-03-08T12:00:00Z', '2026-03-13T15:00:00Z'),
  ('00000000-0000-0000-0000-000000000205', 'Васильев Роман Александрович', '+7 (911) 555-55-55', null, 'Москва', 'cold', 'negotiation', '00000000-0000-0000-0000-000000000102', '00000000-0000-0000-0000-000000000005', null, 250000, '2026-03-01T08:00:00Z', '2026-03-12T17:00:00Z'),
  ('00000000-0000-0000-0000-000000000206', 'Соколова Екатерина Владимировна', '+7 (911) 666-66-66', null, 'Санкт-Петербург', 'partner', 'won', '00000000-0000-0000-0000-000000000102', '00000000-0000-0000-0000-000000000004', 'Договор подписан, оплата получена', 170000, '2026-02-20T10:00:00Z', '2026-03-10T12:00:00Z'),
  ('00000000-0000-0000-0000-000000000207', 'Михайлов Павел Олегович', '+7 (911) 777-77-77', null, 'Москва', 'website', 'lost', '00000000-0000-0000-0000-000000000101', null, 'Выбрал другую юридическую компанию', null, '2026-02-15T09:00:00Z', '2026-03-05T14:00:00Z'),
  ('00000000-0000-0000-0000-000000000208', 'Федорова Анна Игоревна', '+7 (911) 888-88-88', null, 'Казань', 'telegram', 'new', null, null, null, 130000, '2026-03-16T08:00:00Z', '2026-03-16T08:00:00Z');

-- Диалоги
insert into public.conversations (id, agent_id, manager_id, client_name, mode, unread_count, last_message, last_message_at, status) values
  ('00000000-0000-0000-0000-000000000301', '00000000-0000-0000-0000-000000000101', '00000000-0000-0000-0000-000000000004', 'Иванов Иван Иванович', 'manual', 3, 'Здравствуйте, хотел уточнить по документам...', '2026-03-16T10:30:00Z', 'active'),
  ('00000000-0000-0000-0000-000000000302', '00000000-0000-0000-0000-000000000101', '00000000-0000-0000-0000-000000000004', 'Кузнецов Андрей Сергеевич', 'ai', 0, 'Спасибо, я всё понял. Жду договор.', '2026-03-15T18:00:00Z', 'active'),
  ('00000000-0000-0000-0000-000000000303', '00000000-0000-0000-0000-000000000102', '00000000-0000-0000-0000-000000000005', 'Васильев Роман Александрович', 'semi-auto', 1, 'Когда можно подъехать на консультацию?', '2026-03-15T14:00:00Z', 'waiting'),
  ('00000000-0000-0000-0000-000000000304', '00000000-0000-0000-0000-000000000102', null, 'Смирнова Ольга Петровна', 'manual', 0, 'Договор получен, спасибо!', '2026-03-14T16:30:00Z', 'closed'),
  ('00000000-0000-0000-0000-000000000305', '00000000-0000-0000-0000-000000000101', '00000000-0000-0000-0000-000000000005', 'Попова Наталья Дмитриевна', 'ai', 5, 'Мне нужна срочная помощь по моему делу', '2026-03-16T09:00:00Z', 'escalated');

-- Сообщения (диалог c1)
insert into public.messages (id, conversation_id, sender_type, sender_name, text, status, created_at) values
  ('00000000-0000-0000-0000-000000000401', '00000000-0000-0000-0000-000000000301', 'client', 'Иванов И.И.', 'Здравствуйте! Я хотел бы узнать подробнее о процедуре банкротства.', 'read', '2026-03-16T09:00:00Z'),
  ('00000000-0000-0000-0000-000000000402', '00000000-0000-0000-0000-000000000301', 'agent', 'Алексей Петров', 'Добрый день! Конечно, расскажу. Для начала мне нужно уточнить сумму вашей задолженности и количество кредиторов.', 'read', '2026-03-16T09:05:00Z'),
  ('00000000-0000-0000-0000-000000000403', '00000000-0000-0000-0000-000000000301', 'client', 'Иванов И.И.', 'У меня 3 кредита на общую сумму около 2.5 миллионов рублей. Два в банках и один микрозайм.', 'read', '2026-03-16T09:15:00Z'),
  ('00000000-0000-0000-0000-000000000404', '00000000-0000-0000-0000-000000000301', 'agent', 'Алексей Петров', 'Понял вас. При такой сумме задолженности вы подходите под процедуру банкротства. Давайте назначим встречу для детального обсуждения?', 'read', '2026-03-16T09:20:00Z'),
  ('00000000-0000-0000-0000-000000000405', '00000000-0000-0000-0000-000000000301', 'client', 'Иванов И.И.', 'Да, давайте. Когда можно подъехать?', 'read', '2026-03-16T10:00:00Z'),
  ('00000000-0000-0000-0000-000000000406', '00000000-0000-0000-0000-000000000301', 'system', 'Система', 'Менеджер Елена Волкова подключилась к диалогу', 'read', '2026-03-16T10:10:00Z'),
  ('00000000-0000-0000-0000-000000000407', '00000000-0000-0000-0000-000000000301', 'manager', 'Елена Волкова', 'Добрый день! Я координирую работу с вашим делом. Можем записать вас на завтра на 14:00.', 'delivered', '2026-03-16T10:15:00Z'),
  ('00000000-0000-0000-0000-000000000408', '00000000-0000-0000-0000-000000000301', 'client', 'Иванов И.И.', 'Здравствуйте, хотел уточнить по документам...', 'sent', '2026-03-16T10:30:00Z');

-- Выплаты
insert into public.payouts (id, agent_id, agent_name, amount, status, period, description, created_at) values
  ('00000000-0000-0000-0000-000000000501', '00000000-0000-0000-0000-000000000101', 'Алексей Петров', 45000, 'paid', 'Февраль 2026', 'Комиссия за 3 закрытых лида', '2026-03-05T10:00:00Z'),
  ('00000000-0000-0000-0000-000000000502', '00000000-0000-0000-0000-000000000102', 'Мария Сидорова', 32000, 'paid', 'Февраль 2026', 'Комиссия за 2 закрытых лида', '2026-03-05T10:00:00Z'),
  ('00000000-0000-0000-0000-000000000503', '00000000-0000-0000-0000-000000000101', 'Алексей Петров', 60000, 'processing', 'Март 2026', 'Комиссия за 4 закрытых лида', '2026-03-15T12:00:00Z'),
  ('00000000-0000-0000-0000-000000000504', '00000000-0000-0000-0000-000000000102', 'Мария Сидорова', 28000, 'pending', 'Март 2026', 'Комиссия за 2 закрытых лида', '2026-03-15T12:00:00Z'),
  ('00000000-0000-0000-0000-000000000505', '00000000-0000-0000-0000-000000000103', 'Дмитрий Козлов', 15000, 'rejected', 'Март 2026', 'Отклонено: не завершён онбординг', '2026-03-14T09:00:00Z');

-- Документы
insert into public.documents (id, owner_id, owner_name, title, type, status, file_size, created_at) values
  ('00000000-0000-0000-0000-000000000601', '00000000-0000-0000-0000-000000000001', 'Алексей Петров', 'Агентский договор №2025-001', 'contract', 'signed', '2.4 МБ', '2025-09-15T10:00:00Z'),
  ('00000000-0000-0000-0000-000000000602', '00000000-0000-0000-0000-000000000001', 'Алексей Петров', 'Акт выполненных работ за февраль 2026', 'act', 'pending_signature', '1.1 МБ', '2026-03-05T10:00:00Z'),
  ('00000000-0000-0000-0000-000000000603', '00000000-0000-0000-0000-000000000002', 'Мария Сидорова', 'Агентский договор №2025-002', 'contract', 'signed', '2.3 МБ', '2025-10-01T12:00:00Z'),
  ('00000000-0000-0000-0000-000000000604', '00000000-0000-0000-0000-000000000001', 'Алексей Петров', 'Доверенность на представление интересов', 'power_of_attorney', 'draft', '890 КБ', '2026-03-15T14:00:00Z'),
  ('00000000-0000-0000-0000-000000000605', '00000000-0000-0000-0000-000000000001', 'Алексей Петров', 'Счёт на оплату №С-2026-015', 'invoice', 'signed', '540 КБ', '2026-03-10T09:00:00Z'),
  ('00000000-0000-0000-0000-000000000606', '00000000-0000-0000-0000-000000000002', 'Мария Сидорова', 'Соглашение о конфиденциальности', 'agreement', 'expired', '1.8 МБ', '2025-10-01T12:00:00Z');

-- Уведомления
insert into public.notifications (id, user_id, title, message, read, type, created_at) values
  ('00000000-0000-0000-0000-000000000701', '00000000-0000-0000-0000-000000000001', 'Новый лид', 'Вам назначен новый лид: Иванов Иван Иванович', false, 'info', '2026-03-16T10:30:00Z'),
  ('00000000-0000-0000-0000-000000000702', '00000000-0000-0000-0000-000000000001', 'Выплата обработана', 'Выплата 60 000 ₽ за март находится в обработке', false, 'success', '2026-03-15T12:00:00Z'),
  ('00000000-0000-0000-0000-000000000703', '00000000-0000-0000-0000-000000000004', 'Эскалация диалога', 'Диалог с Поповой Н.Д. требует вашего внимания', true, 'warning', '2026-03-16T09:00:00Z'),
  ('00000000-0000-0000-0000-000000000704', '00000000-0000-0000-0000-000000000006', 'Новая регистрация агента', 'Новый агент зарегистрировался в системе', false, 'info', '2026-03-16T08:00:00Z');

-- Логи
insert into public.audit_logs (action, user_email, details, level, created_at) values
  ('user.login', 'petrov@example.com', 'Успешный вход в систему', 'info', '2026-03-16T10:30:00Z'),
  ('lead.created', 'system', 'Создан лид: Иванов Иван Иванович', 'info', '2026-03-16T10:15:00Z'),
  ('lead.assigned', 'volkova@example.com', 'Лид назначен агенту Алексей Петров', 'info', '2026-03-16T10:10:00Z'),
  ('conversation.escalated', 'system', 'Диалог с Поповой Н.Д. эскалирован', 'warning', '2026-03-16T09:00:00Z'),
  ('payout.rejected', 'morozov@example.com', 'Выплата отклонена: не завершён онбординг', 'error', '2026-03-14T09:00:00Z'),
  ('user.registered', 'system', 'Новый агент зарегистрирован', 'info', '2026-03-13T08:00:00Z'),
  ('document.signed', 'petrov@example.com', 'Документ подписан: Агентский договор', 'info', '2026-03-12T15:00:00Z'),
  ('settings.updated', 'novikova@example.com', 'Обновлены настройки комиссий', 'info', '2026-03-11T10:00:00Z');
